zkfyOkBVpz,
z9d9DsjAPH,
xw6Szwu4xz,
xrK3QA9mLo,
xcGhx9FdxM,
wqIm0Qsgy0,
wRhLd65bDt,
uEJfW3OtUm,
tfyr2zRVoK,
td6xbEOPLr,
tECyQO1QOp,
tBib2fWr3r,
tAwjG5bM7H,
scYa9DYUAy,
scG0cwftEe,
sQBGVw5qH9,
s97ezbqoDZ,
pvSKVt3EsM,
o6yTKfdnbA,
m0RbqrUM26,
leS8668NJm,
lRu0dN7BY6,
konBXvt2iS,
jtiQ26sCJi,
jA235JGM09,
hzND3ZEFg2,
hI6EPhq70A,
gzCS252hCO,
gbOukzirpK,
f39Q3JyoIi,
eT1tMdAUoc,
cx9a4Xvb3l,
cpUuSV8kRw,
bfmSc1ETT9,
aDLmRMb0K9,
ZejTutd7VY,
ZOKhtz2Z9X,
YZSLDEE0mw,
YDCpf85eXc,
XGXL1E8Yyo,
X6TBBsz9qi,
WHedsAeatp,
VkUNovXoxx,
VNjJAWjuEU,
V5cQH7JbGo,
V5Oh7Aqfft,
UvIN8oQ4uI,
Tt6DrRCgJV,
Sf9goJtTCE,
Sf3t6Bth4P,
S8hg5LpFvz,
RteNLuc8D9,
RiSMijlsLT,
QkLpGxUboF,
PnbCA4ylIc,
PU3deePP2S,
OZEfMD7axv,
OJ0c6um1An,
O06z2G18me,
NnIaEaBfXD,
NTSbj2otOA,
LCHmP68Gtj,
KffE8iXAw7,
KIPAIy329j,
KBMOKmX2he,
JVzeOYEx6d,
I9xE1Jsjfx,
I18BXotQ7j,
HZQZli6amV,
HPrd17Qvbp,
GsCTjmYe5v,
GYjV1M5s0D,
FsQWxU5TOL,
Eysb8t3MJ5,
DDkl9vaJyE,
Cs74qIBfiq,
CbsJ53LdKc,
Bj1QSgiBPP,
BbIxB4xnbq,
B7QRV4XXiK,
9WSxQZ9mG7,
9B57dEeP3O,
8GSCaoFot9,
6OOgw4boZI,
6EDHfVHicP,
5GmTI4LNqX,
4sDHLxKb1L,
4Sn2vUs0zA,
4R2Y5B12jm,
4AQ4Fnemox,
3PjCt4kmRx,
3HlULdiKFM,
38dQv3OwN3,
2pVogxJyDA,
1vzF4zWQ1E,
1aQivXgZKj,
1DmP6ySKYq,
08zf7kTOoh,